<?xml version="1.0" encoding="UTF-8"?>
<project-private xmlns="http://www.netbeans.org/ns/project-private/1">
    <editor-bookmarks xmlns="http://www.netbeans.org/ns/editor-bookmarks/2" lastBookmarkId="0"/>
    <open-files xmlns="http://www.netbeans.org/ns/projectui-open-files/2">
        <group>
            <file>file:/C:/Users/DELL/Documents/NetBeansProjects/employee_task_mng/web/all-tasks.jsp</file>
            <file>file:/C:/Users/DELL/Documents/NetBeansProjects/employee_task_mng/web/all-users.jsp</file>
            <file>file:/C:/Users/DELL/Documents/NetBeansProjects/employee_task_mng/web/login.jsp</file>
            <file>file:/C:/Users/DELL/Documents/NetBeansProjects/employee_task_mng/web/create-task.jsp</file>
        </group>
    </open-files>
</project-private>
